{"loss": [-0.329370379447937, -0.4816155731678009, -0.5273498892784119, -0.5801189541816711, -0.5617790818214417, -0.5890029072761536, -0.5820392370223999, -0.590371310710907, -0.6133449077606201, -0.6097015142440796, -0.6308208703994751, -0.6408262252807617, -0.6210569143295288, -0.6115478277206421, -0.6313512921333313, -0.6634687781333923, -0.6391304135322571, -0.6506338119506836, -0.6511799693107605, -0.6559329628944397, -0.6620140075683594, -0.6728811264038086], "dice_coef": [0.329370379447937, 0.4816155731678009, 0.5273498892784119, 0.5801189541816711, 0.5617790818214417, 0.5890029072761536, 0.5820392370223999, 0.590371310710907, 0.6133449077606201, 0.6097015142440796, 0.6308208703994751, 0.6408262252807617, 0.6210569143295288, 0.6115478277206421, 0.6313512921333313, 0.6634687781333923, 0.6391304135322571, 0.6506338119506836, 0.6511799693107605, 0.6559329628944397, 0.6620140075683594, 0.6728811264038086], "val_loss": [-0.4724630117416382, -0.5446293354034424, -0.5366514921188354, -0.5464897155761719, -0.6047792434692383, -0.5569340586662292, -0.5258552432060242, -0.565064549446106, -0.6151021718978882, -0.6180043816566467, -0.6333681344985962, -0.6353030800819397, -0.5789859890937805, -0.6336212158203125, -0.6381904482841492, -0.6350274682044983, -0.6521247625350952, -0.608791172504425, -0.640932023525238, -0.6120302081108093, -0.6116011142730713, -0.5754477977752686], "val_dice_coef": [0.47489967942237854, 0.5472429990768433, 0.5396333932876587, 0.5486302375793457, 0.6083685755729675, 0.5608800649642944, 0.5272051095962524, 0.5681251883506775, 0.618935227394104, 0.6212590336799622, 0.6369832158088684, 0.6385071873664856, 0.5816633701324463, 0.6371848583221436, 0.641667366027832, 0.6378900408744812, 0.655292272567749, 0.6113851070404053, 0.6444315910339355, 0.6157400608062744, 0.6153838634490967, 0.5786289572715759]}